Student ID,Student Name,Program Abbreviation,Loan Type,Year,Semester,Term Award,Status,Abbreviation with PHARMD
6000,Student6000,DNP,None,,,,None,DNP
6001,Student6001,DNP,Unsubsidized,2023.0,Fall,5154.0,Accepted,DNP
6001,Student6001,DNP,Unsubsidized,2024.0,Spring,6508.0,Accepted,DNP
6002,Student6002,DNP,Plus,2023.0,Fall,5000.0,Accepted,DNP
6002,Student6002,DNP,Plus,2023.0,Summer,5000.0,Accepted,DNP
6002,Student6002,DNP,Plus,2024.0,Spring,5000.0,Accepted,DNP
6002,Student6002,DNP,Unsubsidized,2023.0,Fall,6833.0,Accepted,DNP
6002,Student6002,DNP,Unsubsidized,2023.0,Summer,6833.0,Accepted,DNP
6002,Student6002,DNP,Unsubsidized,2024.0,Spring,6834.0,Accepted,DNP
6003,Student6003,DNP,None,,,,None,DNP
6004,Student6004,DNP,Plus,2023.0,Fall,403.0,Accepted,DNP
6004,Student6004,DNP,Plus,2024.0,Spring,0.0,Accepted,DNP
6004,Student6004,DNP,Unsubsidized,2023.0,Fall,10250.0,Accepted,DNP
6004,Student6004,DNP,Unsubsidized,2024.0,Spring,9837.0,Accepted,DNP
6005,Student6005,DNP,Unsubsidized,2023.0,Fall,10250.0,Accepted,DNP
6005,Student6005,DNP,Unsubsidized,2024.0,Spring,10250.0,Accepted,DNP
6006,Student6006,DNP,None,,,,None,DNP
6007,Student6007,GCRT,None,,,,None,GCRT
6008,Student6008,GCRT,None,,,,None,GCRT
6009,Student6009,GCRT,None,,,,None,GCRT
6010,Student6010,MABL,None,,,,None,MABL
6011,Student6011,MABL,None,,,,None,MABL
6012,Student6012,MABL,None,,,,None,MABL
6013,Student6013,MABL,Unsubsidized,2023.0,Fall,4000.0,Accepted,MABL
6013,Student6013,MABL,Unsubsidized,2024.0,Spring,4000.0,Accepted,MABL
6014,Student6014,MABL,None,,,,None,MABL
6015,Student6015,MABL,None,,,,None,MABL
6016,Student6016,MABL,None,,,,None,MABL
6017,Student6017,MABL,None,,,,None,MABL
6018,Student6018,MABL,None,,,,None,MABL
6019,Student6019,MABL,None,,,,None,MABL
6020,Student6020,MABL,None,,,,None,MABL
6021,Student6021,MABL,None,,,,None,MABL
6022,Student6022,MABL,Unsubsidized,2023.0,Fall,1333.0,Accepted,MABL
6022,Student6022,MABL,Unsubsidized,2023.0,Summer,1333.0,Declined,MABL
6022,Student6022,MABL,Unsubsidized,2024.0,Spring,1334.0,Accepted,MABL
6022,Student6022,MABL,Unsubsidized,2023.0,Fall,167.0,Accepted,MABL
6022,Student6022,MABL,Unsubsidized,2023.0,Summer,167.0,Declined,MABL
6022,Student6022,MABL,Unsubsidized,2024.0,Spring,166.0,Accepted,MABL
6023,Student6023,MABL,None,,,,None,MABL
6024,Student6024,MABL,Unsubsidized,2024.0,Spring,11296.0,Accepted,MABL
6025,Student6025,MAI,None,,,,None,MAI
6026,Student6026,MAI,None,,,,None,MAI
6027,Student6027,MAI,None,,,,None,MAI
6028,Student6028,MAI,None,,,,None,MAI
6029,Student6029,MAI,Unsubsidized,2023.0,Fall,10250.0,Accepted,MAI
6029,Student6029,MAI,Unsubsidized,2024.0,Spring,10250.0,Accepted,MAI
6030,Student6030,MAI,Unsubsidized,2023.0,Fall,2800.0,Accepted,MAI
6030,Student6030,MAI,Unsubsidized,2023.0,Summer,2800.0,Accepted,MAI
6030,Student6030,MAI,Unsubsidized,2024.0,Spring,2800.0,Accepted,MAI
6031,Student6031,MAI,None,,,,None,MAI
6032,Student6032,MAI,None,,,,None,MAI
6033,Student6033,MAI,None,,,,None,MAI
6034,Student6034,MAT,Unsubsidized,2023.0,Fall,6833.0,Accepted,MAT
6034,Student6034,MAT,Unsubsidized,2023.0,Summer,6833.0,Accepted,MAT
6034,Student6034,MAT,Unsubsidized,2024.0,Spring,6834.0,Accepted,MAT
6035,Student6035,MAT,Unsubsidized,2023.0,Fall,8339.0,Accepted,MAT
6035,Student6035,MAT,Unsubsidized,2023.0,Summer,4333.0,Accepted,MAT
6035,Student6035,MAT,Unsubsidized,2024.0,Spring,7415.0,Accepted,MAT
6036,Student6036,MAT,None,,,,None,MAT
6037,Student6037,MAT,Unsubsidized,2023.0,Fall,6833.0,Accepted,MAT
6037,Student6037,MAT,Unsubsidized,2023.0,Summer,6833.0,Accepted,MAT
6037,Student6037,MAT,Unsubsidized,2024.0,Spring,6834.0,Accepted,MAT
6038,Student6038,MAT,None,,,,None,MAT
6039,Student6039,MAT,None,,,,None,MAT
6040,Student6040,MAT,None,,,,None,MAT
6041,Student6041,MAT,Unsubsidized,2023.0,Fall,11225.0,Accepted,MAT
6041,Student6041,MAT,Unsubsidized,2023.0,Summer,4000.0,Accepted,MAT
6041,Student6041,MAT,Unsubsidized,2024.0,Spring,5275.0,Accepted,MAT
6042,Student6042,MAT,None,,,,None,MAT
6043,Student6043,MAT,Plus,2024.0,Spring,3300.0,Accepted,MAT
6043,Student6043,MAT,Unsubsidized,2023.0,Fall,8900.0,Accepted,MAT
6043,Student6043,MAT,Unsubsidized,2023.0,Summer,5100.0,Accepted,MAT
6043,Student6043,MAT,Unsubsidized,2024.0,Spring,6500.0,Accepted,MAT
6044,Student6044,MAT,Unsubsidized,2023.0,Fall,6833.0,Accepted,MAT
6044,Student6044,MAT,Unsubsidized,2023.0,Summer,6833.0,Accepted,MAT
6044,Student6044,MAT,Unsubsidized,2024.0,Spring,6834.0,Accepted,MAT
6045,Student6045,MAWT,None,,,,None,MAWT
6046,Student6046,MAWT,Unsubsidized,2023.0,Fall,10250.0,Accepted,MAWT
6046,Student6046,MAWT,Unsubsidized,2024.0,Spring,10250.0,Accepted,MAWT
6047,Student6047,MAWT,Unsubsidized,2024.0,Spring,11493.0,Accepted,MAWT
6048,Student6048,MAWT,None,,,,None,MAWT
6049,Student6049,MAWT,None,,,,None,MAWT
6050,Student6050,MAWT,Unsubsidized,2023.0,Fall,7500.0,Accepted,MAWT
6050,Student6050,MAWT,Unsubsidized,2024.0,Spring,7500.0,Accepted,MAWT
6051,Student6051,MAWT,Unsubsidized,2023.0,Fall,3000.0,Accepted,MAWT
6051,Student6051,MAWT,Unsubsidized,2024.0,Spring,3000.0,Accepted,MAWT
6052,Student6052,MAWT,None,,,,None,MAWT
6053,Student6053,MAWT,None,,,,None,MAWT
6054,Student6054,MAWT,None,,,,None,MAWT
6055,Student6055,MBA,None,,,,None,MBA
6056,Student6056,MBA,Unsubsidized,2023.0,Fall,6833.0,Accepted,MBA
6056,Student6056,MBA,Unsubsidized,2023.0,Summer,6833.0,Accepted,MBA
6056,Student6056,MBA,Unsubsidized,2024.0,Spring,4123.0,Accepted,MBA
6057,Student6057,MBA,None,,,,None,MBA
6058,Student6058,MBA,None,,,,None,MBA
6059,Student6059,MBA,None,,,,None,MBA
6060,Student6060,MBA,None,,,,None,MBA
6061,Student6061,MBA,None,,,,None,MBA
6062,Student6062,MBA,None,,,,None,MBA
6063,Student6063,MBA,None,,,,None,MBA
6064,Student6064,MBA,None,,,,None,MBA
6065,Student6065,MBA,None,,,,None,MBA
6066,Student6066,MBA,None,,,,None,MBA
6067,Student6067,MBA,Unsubsidized,2023.0,Fall,7082.0,Accepted,MBA
6067,Student6067,MBA,Unsubsidized,2024.0,Spring,4574.0,Accepted,MBA
6068,Student6068,MBA,None,,,,None,MBA
6069,Student6069,MBA,None,,,,None,MBA
6070,Student6070,MBA,None,,,,None,MBA
6071,Student6071,MBA,None,,,,None,MBA
6072,Student6072,MBA,Plus,2023.0,Fall,2789.0,Accepted,MBA
6072,Student6072,MBA,Plus,2024.0,Spring,1368.0,Accepted,MBA
6072,Student6072,MBA,Unsubsidized,2023.0,Fall,10250.0,Accepted,MBA
6072,Student6072,MBA,Unsubsidized,2024.0,Spring,10250.0,Accepted,MBA
6073,Student6073,MBA,None,,,,None,MBA
6074,Student6074,MBA,Unsubsidized,2023.0,Fall,4000.0,Accepted,MBA
6074,Student6074,MBA,Unsubsidized,2024.0,Spring,4000.0,Accepted,MBA
6075,Student6075,MBA,Unsubsidized,2023.0,Fall,4500.0,Accepted,MBA
6075,Student6075,MBA,Unsubsidized,2023.0,Summer,4500.0,Accepted,MBA
6075,Student6075,MBA,Unsubsidized,2024.0,Spring,4500.0,Accepted,MBA
6075,Student6075,MBA,Unsubsidized,2023.0,Fall,833.0,Accepted,MBA
6075,Student6075,MBA,Unsubsidized,2023.0,Summer,833.0,Accepted,MBA
6075,Student6075,MBA,Unsubsidized,2024.0,Spring,834.0,Accepted,MBA
6076,Student6076,MBA,None,,,,None,MBA
6077,Student6077,MBA,None,,,,None,MBA
6078,Student6078,MBA,None,,,,None,MBA
6079,Student6079,MBA,None,,,,None,MBA
6080,Student6080,MBA,Unsubsidized,2023.0,Fall,2000.0,Accepted,MBA
6080,Student6080,MBA,Unsubsidized,2023.0,Summer,1023.0,Accepted,MBA
6080,Student6080,MBA,Unsubsidized,2024.0,Spring,1632.0,Accepted,MBA
6081,Student6081,MBA,None,,,,None,MBA
6082,Student6082,MBA,None,,,,None,MBA
6083,Student6083,MBA,Unsubsidized,2024.0,Spring,8800.0,Accepted,MBA
6084,Student6084,MBA,None,,,,None,MBA
6085,Student6085,MBA,None,,,,None,MBA
6086,Student6086,MBA,None,,,,None,MBA
6087,Student6087,MBA,None,,,,None,MBA
6088,Student6088,MBA,None,,,,None,MBA
6089,Student6089,MBA,None,,,,None,MBA
6090,Student6090,MBA,None,,,,None,MBA
6091,Student6091,MBA,None,,,,None,MBA
6092,Student6092,MBA,Unsubsidized,2023.0,Fall,4000.0,Accepted,MBA
6092,Student6092,MBA,Unsubsidized,2023.0,Summer,4000.0,Accepted,MBA
6092,Student6092,MBA,Unsubsidized,2024.0,Spring,4000.0,Accepted,MBA
6093,Student6093,MBA,None,,,,None,MBA
6094,Student6094,MBA,None,,,,None,MBA
6095,Student6095,MBA,Unsubsidized,2023.0,Fall,6833.0,Accepted,MBA
6095,Student6095,MBA,Unsubsidized,2023.0,Summer,6833.0,Accepted,MBA
6095,Student6095,MBA,Unsubsidized,2024.0,Spring,6834.0,Accepted,MBA
6096,Student6096,MDIV,None,,,,None,MDIV
6097,Student6097,MDIV,None,,,,None,MDIV
6098,Student6098,MDIV,None,,,,None,MDIV
6099,Student6099,MDIV,None,,,,None,MDIV
6100,Student6100,MDIV,None,,,,None,MDIV
6101,Student6101,MDIV,None,,,,None,MDIV
6102,Student6102,MDIV,None,,,,None,MDIV
6103,Student6103,MDIV,Unsubsidized,2023.0,Fall,10250.0,Accepted,MDIV
6103,Student6103,MDIV,Unsubsidized,2024.0,Spring,10250.0,Accepted,MDIV
6104,Student6104,MDIV,None,,,,None,MDIV
6105,Student6105,MDIV,None,,,,None,MDIV
6106,Student6106,MDIV,None,,,,None,MDIV
6107,Student6107,MDIV,Unsubsidized,2024.0,Spring,2380.0,Accepted,MDIV
6108,Student6108,MDIV,None,,,,None,MDIV
6109,Student6109,MDIV,None,,,,None,MDIV
6110,Student6110,MDIV,None,,,,None,MDIV
6111,Student6111,MDIV,None,,,,None,MDIV
6112,Student6112,MDIV,None,,,,None,MDIV
6113,Student6113,MDIV,None,,,,None,MDIV
6114,Student6114,MDIV,None,,,,None,MDIV
6115,Student6115,MDIV,None,,,,None,MDIV
6116,Student6116,MDIV,Unsubsidized,2023.0,Fall,5002.0,Accepted,MDIV
6116,Student6116,MDIV,Unsubsidized,2024.0,Spring,7475.0,Accepted,MDIV
6117,Student6117,MDIV,Unsubsidized,2023.0,Fall,4000.0,Accepted,MDIV
6118,Student6118,MDIV,None,,,,None,MDIV
6119,Student6119,MDIV,None,,,,None,MDIV
6120,Student6120,MDIV,None,,,,None,MDIV
6121,Student6121,MDIV,None,,,,None,MDIV
6122,Student6122,MDIV,None,,,,None,MDIV
6123,Student6123,MDIV,None,,,,None,MDIV
6124,Student6124,MDIV,None,,,,None,MDIV
6125,Student6125,MDIV,None,,,,None,MDIV
6126,Student6126,MDIV,Unsubsidized,2023.0,Fall,9000.0,Accepted,MDIV
6126,Student6126,MDIV,Unsubsidized,2024.0,Spring,9000.0,Accepted,MDIV
6127,Student6127,MDIV,None,,,,None,MDIV
6128,Student6128,MDIV,None,,,,None,MDIV
6129,Student6129,MDIV,None,,,,None,MDIV
6130,Student6130,MDIV,None,,,,None,MDIV
6131,Student6131,MDIV,None,,,,None,MDIV
6132,Student6132,MDIV,None,,,,None,MDIV
6133,Student6133,MDIV,Plus,2023.0,Fall,1550.0,Accepted,MDIV
6133,Student6133,MDIV,Plus,2024.0,Spring,1550.0,Accepted,MDIV
6133,Student6133,MDIV,Unsubsidized,2023.0,Fall,10250.0,Accepted,MDIV
6133,Student6133,MDIV,Unsubsidized,2024.0,Spring,10250.0,Accepted,MDIV
6134,Student6134,MDIV,None,,,,None,MDIV
6135,Student6135,MDIV,Unsubsidized,2023.0,Fall,5584.0,Accepted,MDIV
6135,Student6135,MDIV,Unsubsidized,2024.0,Spring,5584.0,Accepted,MDIV
6136,Student6136,MDIV,Unsubsidized,2023.0,Fall,5600.0,Accepted,MDIV
6136,Student6136,MDIV,Unsubsidized,2024.0,Spring,5600.0,Accepted,MDIV
6137,Student6137,MDIV,None,,,,None,MDIV
6138,Student6138,MDIV,None,,,,None,MDIV
6139,Student6139,MDIV,None,,,,None,MDIV
6140,Student6140,MDIV,None,,,,None,MDIV
6141,Student6141,MDIV,None,,,,None,MDIV
6142,Student6142,MDIV,None,,,,None,MDIV
6143,Student6143,MDIV,None,,,,None,MDIV
6144,Student6144,MDIV,None,,,,None,MDIV
6145,Student6145,MDIV,Plus,2023.0,Fall,5249.0,Accepted,MDIV
6145,Student6145,MDIV,Plus,2024.0,Spring,5249.0,Accepted,MDIV
6145,Student6145,MDIV,Unsubsidized,2023.0,Fall,10250.0,Accepted,MDIV
6145,Student6145,MDIV,Unsubsidized,2024.0,Spring,10250.0,Accepted,MDIV
6146,Student6146,MDIV,None,,,,None,MDIV
6147,Student6147,MDIV,None,,,,None,MDIV
6148,Student6148,MDIV,None,,,,None,MDIV
6149,Student6149,MDIV,None,,,,None,MDIV
6150,Student6150,MDIV,None,,,,None,MDIV
6151,Student6151,MDIV,None,,,,None,MDIV
6152,Student6152,MDIV,None,,,,None,MDIV
6153,Student6153,MDIV,None,,,,None,MDIV
6154,Student6154,MDIV,None,,,,None,MDIV
6155,Student6155,MMIN,None,,,,None,MMIN
6156,Student6156,MMIN,None,,,,None,MMIN
6157,Student6157,MMIN,None,,,,None,MMIN
6158,Student6158,MMIN,Unsubsidized,2023.0,Fall,6500.0,Accepted,MMIN
6158,Student6158,MMIN,Unsubsidized,2024.0,Spring,10250.0,Accepted,MMIN
6159,Student6159,MMIN,None,,,,None,MMIN
6160,Student6160,MMIN,None,,,,None,MMIN
6161,Student6161,MMIN,Unsubsidized,2024.0,Spring,3500.0,Accepted,MMIN
6162,Student6162,MMIN,None,,,,None,MMIN
6163,Student6163,MMIN,None,,,,None,MMIN
6164,Student6164,MMIN,None,,,,None,MMIN
6165,Student6165,MMIN,None,,,,None,MMIN
6166,Student6166,MMIN,Unsubsidized,2024.0,Spring,6000.0,Accepted,MMIN
6167,Student6167,MMIN,None,,,,None,MMIN
6168,Student6168,MMIN,None,,,,None,MMIN
6169,Student6169,MMIN,None,,,,None,MMIN
6170,Student6170,MMIN,None,,,,None,MMIN
6171,Student6171,MMIN,None,,,,None,MMIN
6172,Student6172,MMIN,None,,,,None,MMIN
6173,Student6173,MMIN,None,,,,None,MMIN
6174,Student6174,MMIN,None,,,,None,MMIN
6175,Student6175,MMIN,None,,,,None,MMIN
6176,Student6176,MMIN,None,,,,None,MMIN
6177,Student6177,MMIN,None,,,,None,MMIN
6178,Student6178,MMIN,None,,,,None,MMIN
6179,Student6179,MMIN,None,,,,None,MMIN
6180,Student6180,MMSPA,None,,,,None,MMSPA
6181,Student6181,MMSPA,Plus,2023.0,Fall,17000.0,Accepted,MMSPA
6181,Student6181,MMSPA,Plus,2023.0,Summer,17000.0,Accepted,MMSPA
6181,Student6181,MMSPA,Plus,2024.0,Spring,17000.0,Accepted,MMSPA
6181,Student6181,MMSPA,Unsubsidized,2023.0,Fall,6833.0,Accepted,MMSPA
6181,Student6181,MMSPA,Unsubsidized,2023.0,Summer,6833.0,Accepted,MMSPA
6181,Student6181,MMSPA,Unsubsidized,2024.0,Spring,6834.0,Accepted,MMSPA
6182,Student6182,MMSPA,Plus,2023.0,Fall,16716.0,Accepted,MMSPA
6182,Student6182,MMSPA,Plus,2023.0,Summer,16716.0,Accepted,MMSPA
6182,Student6182,MMSPA,Plus,2024.0,Spring,16718.0,Accepted,MMSPA
6182,Student6182,MMSPA,Unsubsidized,2023.0,Fall,6833.0,Accepted,MMSPA
6182,Student6182,MMSPA,Unsubsidized,2023.0,Summer,6833.0,Accepted,MMSPA
6182,Student6182,MMSPA,Unsubsidized,2024.0,Spring,6834.0,Accepted,MMSPA
6183,Student6183,MMSPA,None,,,,None,MMSPA
6184,Student6184,MMSPA,Plus,2023.0,Fall,15500.0,Accepted,MMSPA
6184,Student6184,MMSPA,Plus,2023.0,Summer,7500.0,Accepted,MMSPA
6184,Student6184,MMSPA,Plus,2024.0,Spring,12500.0,Accepted,MMSPA
6184,Student6184,MMSPA,Unsubsidized,2023.0,Fall,6833.0,Accepted,MMSPA
6184,Student6184,MMSPA,Unsubsidized,2023.0,Summer,6833.0,Accepted,MMSPA
6184,Student6184,MMSPA,Unsubsidized,2024.0,Spring,6834.0,Accepted,MMSPA
6185,Student6185,MMSPA,Plus,2023.0,Fall,15000.0,Accepted,MMSPA
6185,Student6185,MMSPA,Plus,2023.0,Summer,18159.0,Accepted,MMSPA
6185,Student6185,MMSPA,Plus,2024.0,Spring,14505.0,Accepted,MMSPA
6185,Student6185,MMSPA,Unsubsidized,2023.0,Fall,6833.0,Accepted,MMSPA
6185,Student6185,MMSPA,Unsubsidized,2023.0,Summer,6833.0,Accepted,MMSPA
6185,Student6185,MMSPA,Unsubsidized,2024.0,Spring,6834.0,Accepted,MMSPA
6186,Student6186,MMSPA,Unsubsidized,2023.0,Fall,6833.0,Accepted,MMSPA
6186,Student6186,MMSPA,Unsubsidized,2023.0,Summer,6833.0,Accepted,MMSPA
6186,Student6186,MMSPA,Unsubsidized,2024.0,Spring,6834.0,Accepted,MMSPA
6187,Student6187,MMSPA,Plus,2023.0,Fall,11833.0,Accepted,MMSPA
6187,Student6187,MMSPA,Plus,2023.0,Summer,11833.0,Accepted,MMSPA
6187,Student6187,MMSPA,Plus,2024.0,Spring,11834.0,Accepted,MMSPA
6187,Student6187,MMSPA,Unsubsidized,2023.0,Fall,6833.0,Accepted,MMSPA
6187,Student6187,MMSPA,Unsubsidized,2023.0,Summer,6833.0,Accepted,MMSPA
6187,Student6187,MMSPA,Unsubsidized,2024.0,Spring,6834.0,Accepted,MMSPA
6188,Student6188,MMSPA,None,,,,None,MMSPA
6189,Student6189,MMSPA,Plus,2023.0,Fall,22368.0,Accepted,MMSPA
6189,Student6189,MMSPA,Plus,2023.0,Summer,20543.0,Accepted,MMSPA
6189,Student6189,MMSPA,Plus,2024.0,Spring,22369.0,Accepted,MMSPA
6189,Student6189,MMSPA,Unsubsidized,2023.0,Fall,6833.0,Accepted,MMSPA
6189,Student6189,MMSPA,Unsubsidized,2023.0,Summer,6833.0,Accepted,MMSPA
6189,Student6189,MMSPA,Unsubsidized,2024.0,Spring,6834.0,Accepted,MMSPA
6190,Student6190,MMSPA,Plus,2023.0,Fall,10000.0,Accepted,MMSPA
6190,Student6190,MMSPA,Plus,2024.0,Spring,12600.0,Accepted,MMSPA
6190,Student6190,MMSPA,Unsubsidized,2023.0,Fall,6833.0,Accepted,MMSPA
6190,Student6190,MMSPA,Unsubsidized,2023.0,Summer,6833.0,Accepted,MMSPA
6190,Student6190,MMSPA,Unsubsidized,2024.0,Spring,6834.0,Accepted,MMSPA
6191,Student6191,MMSPA,Plus,2023.0,Fall,18159.0,Accepted,MMSPA
6191,Student6191,MMSPA,Plus,2023.0,Summer,18159.0,Accepted,MMSPA
6191,Student6191,MMSPA,Plus,2024.0,Spring,18161.0,Accepted,MMSPA
6191,Student6191,MMSPA,Unsubsidized,2023.0,Fall,6833.0,Accepted,MMSPA
6191,Student6191,MMSPA,Unsubsidized,2023.0,Summer,6833.0,Accepted,MMSPA
6191,Student6191,MMSPA,Unsubsidized,2024.0,Spring,6834.0,Accepted,MMSPA
6192,Student6192,MMSPA,Plus,2023.0,Fall,21159.0,Accepted,MMSPA
6192,Student6192,MMSPA,Plus,2023.0,Summer,18659.0,Accepted,MMSPA
6192,Student6192,MMSPA,Plus,2024.0,Spring,18161.0,Accepted,MMSPA
6192,Student6192,MMSPA,Unsubsidized,2023.0,Fall,6833.0,Accepted,MMSPA
6192,Student6192,MMSPA,Unsubsidized,2023.0,Summer,6833.0,Accepted,MMSPA
6192,Student6192,MMSPA,Unsubsidized,2024.0,Spring,6834.0,Accepted,MMSPA
6193,Student6193,MMSPA,Plus,2023.0,Fall,0.0,Accepted,MMSPA
6193,Student6193,MMSPA,Plus,2023.0,Summer,15000.0,Accepted,MMSPA
6193,Student6193,MMSPA,Plus,2024.0,Spring,0.0,Accepted,MMSPA
6193,Student6193,MMSPA,Unsubsidized,2023.0,Fall,6833.0,Accepted,MMSPA
6193,Student6193,MMSPA,Unsubsidized,2023.0,Summer,6833.0,Accepted,MMSPA
6193,Student6193,MMSPA,Unsubsidized,2024.0,Spring,6834.0,Accepted,MMSPA
6194,Student6194,MMSPA,None,,,,None,MMSPA
6195,Student6195,MMSPA,None,,,,None,MMSPA
6196,Student6196,MMSPA,Plus,2023.0,Fall,20829.0,Accepted,MMSPA
6196,Student6196,MMSPA,Plus,2023.0,Summer,18159.0,Accepted,MMSPA
6196,Student6196,MMSPA,Plus,2024.0,Spring,18161.0,Accepted,MMSPA
6196,Student6196,MMSPA,Unsubsidized,2023.0,Fall,6833.0,Accepted,MMSPA
6196,Student6196,MMSPA,Unsubsidized,2023.0,Summer,6833.0,Accepted,MMSPA
6196,Student6196,MMSPA,Unsubsidized,2024.0,Spring,6834.0,Accepted,MMSPA
6197,Student6197,MMSPA,None,,,,None,MMSPA
6198,Student6198,MMSPA,Plus,2023.0,Fall,15666.0,Accepted,MMSPA
6198,Student6198,MMSPA,Plus,2023.0,Summer,8666.0,Accepted,MMSPA
6198,Student6198,MMSPA,Plus,2024.0,Spring,14316.0,Accepted,MMSPA
6198,Student6198,MMSPA,Unsubsidized,2023.0,Fall,6833.0,Accepted,MMSPA
6198,Student6198,MMSPA,Unsubsidized,2023.0,Summer,6833.0,Accepted,MMSPA
6198,Student6198,MMSPA,Unsubsidized,2024.0,Spring,6834.0,Accepted,MMSPA
6199,Student6199,MMSPA,Plus,2023.0,Fall,23012.0,Accepted,MMSPA
6199,Student6199,MMSPA,Plus,2023.0,Summer,23012.0,Accepted,MMSPA
6199,Student6199,MMSPA,Plus,2024.0,Spring,23012.0,Accepted,MMSPA
6199,Student6199,MMSPA,Unsubsidized,2023.0,Fall,6833.0,Accepted,MMSPA
6199,Student6199,MMSPA,Unsubsidized,2023.0,Summer,6833.0,Accepted,MMSPA
6199,Student6199,MMSPA,Unsubsidized,2024.0,Spring,6834.0,Accepted,MMSPA
6200,Student6200,MMSPA,Plus,2023.0,Fall,10666.0,Accepted,MMSPA
6200,Student6200,MMSPA,Plus,2023.0,Summer,10666.0,Accepted,MMSPA
6200,Student6200,MMSPA,Plus,2024.0,Spring,10668.0,Accepted,MMSPA
6200,Student6200,MMSPA,Unsubsidized,2023.0,Fall,6833.0,Accepted,MMSPA
6200,Student6200,MMSPA,Unsubsidized,2023.0,Summer,6833.0,Accepted,MMSPA
6200,Student6200,MMSPA,Unsubsidized,2024.0,Spring,6834.0,Accepted,MMSPA
6201,Student6201,MMSPA,Plus,2023.0,Fall,18159.0,Accepted,MMSPA
6201,Student6201,MMSPA,Plus,2023.0,Summer,18159.0,Accepted,MMSPA
6201,Student6201,MMSPA,Plus,2024.0,Spring,18161.0,Accepted,MMSPA
6201,Student6201,MMSPA,Unsubsidized,2023.0,Fall,6833.0,Accepted,MMSPA
6201,Student6201,MMSPA,Unsubsidized,2023.0,Summer,6833.0,Accepted,MMSPA
6201,Student6201,MMSPA,Unsubsidized,2024.0,Spring,6834.0,Accepted,MMSPA
6202,Student6202,MMSPA,Plus,2023.0,Fall,19760.0,Accepted,MMSPA
6202,Student6202,MMSPA,Plus,2023.0,Summer,19760.0,Accepted,MMSPA
6202,Student6202,MMSPA,Plus,2024.0,Spring,19760.0,Accepted,MMSPA
6202,Student6202,MMSPA,Unsubsidized,2023.0,Fall,6833.0,Accepted,MMSPA
6202,Student6202,MMSPA,Unsubsidized,2023.0,Summer,6833.0,Accepted,MMSPA
6202,Student6202,MMSPA,Unsubsidized,2024.0,Spring,6834.0,Accepted,MMSPA
6203,Student6203,MMSPA,Plus,2023.0,Fall,18160.0,Accepted,MMSPA
6203,Student6203,MMSPA,Plus,2023.0,Summer,18160.0,Accepted,MMSPA
6203,Student6203,MMSPA,Plus,2024.0,Spring,18159.0,Accepted,MMSPA
6203,Student6203,MMSPA,Unsubsidized,2023.0,Fall,6833.0,Accepted,MMSPA
6203,Student6203,MMSPA,Unsubsidized,2023.0,Summer,6833.0,Accepted,MMSPA
6203,Student6203,MMSPA,Unsubsidized,2024.0,Spring,6834.0,Accepted,MMSPA
6204,Student6204,MMSPA,None,,,,None,MMSPA
6205,Student6205,MMSPA,Plus,2023.0,Fall,18159.0,Accepted,MMSPA
6205,Student6205,MMSPA,Plus,2023.0,Summer,18159.0,Accepted,MMSPA
6205,Student6205,MMSPA,Plus,2024.0,Spring,18161.0,Accepted,MMSPA
6205,Student6205,MMSPA,Unsubsidized,2023.0,Fall,6833.0,Accepted,MMSPA
6205,Student6205,MMSPA,Unsubsidized,2023.0,Summer,6833.0,Accepted,MMSPA
6205,Student6205,MMSPA,Unsubsidized,2024.0,Spring,6834.0,Accepted,MMSPA
6206,Student6206,MMSPA,Plus,2023.0,Fall,10515.0,Accepted,MMSPA
6206,Student6206,MMSPA,Plus,2023.0,Summer,9432.0,Accepted,MMSPA
6206,Student6206,MMSPA,Plus,2024.0,Spring,10034.0,Accepted,MMSPA
6206,Student6206,MMSPA,Unsubsidized,2023.0,Fall,6833.0,Accepted,MMSPA
6206,Student6206,MMSPA,Unsubsidized,2023.0,Summer,6833.0,Accepted,MMSPA
6206,Student6206,MMSPA,Unsubsidized,2024.0,Spring,6834.0,Accepted,MMSPA
6207,Student6207,MSN,None,,,,None,MSN
6208,Student6208,MSN,Unsubsidized,2023.0,Fall,5000.0,Accepted,MSN
6208,Student6208,MSN,Unsubsidized,2023.0,Summer,5000.0,Accepted,MSN
6208,Student6208,MSN,Unsubsidized,2024.0,Spring,5000.0,Accepted,MSN
6209,Student6209,MSN,Unsubsidized,2023.0,Fall,9000.0,Accepted,MSN
6209,Student6209,MSN,Unsubsidized,2024.0,Spring,9000.0,Accepted,MSN
6210,Student6210,MSN,None,,,,None,MSN
6211,Student6211,MSN,Unsubsidized,2023.0,Fall,4667.0,Accepted,MSN
6211,Student6211,MSN,Unsubsidized,2023.0,Summer,2007.0,Accepted,MSN
6211,Student6211,MSN,Unsubsidized,2024.0,Spring,4666.0,Accepted,MSN
6212,Student6212,MSN,Plus,2023.0,Fall,5205.0,Accepted,MSN
6212,Student6212,MSN,Plus,2023.0,Summer,5205.0,Accepted,MSN
6212,Student6212,MSN,Plus,2024.0,Spring,5207.0,Accepted,MSN
6212,Student6212,MSN,Unsubsidized,2023.0,Fall,6833.0,Accepted,MSN
6212,Student6212,MSN,Unsubsidized,2023.0,Summer,6833.0,Accepted,MSN
6212,Student6212,MSN,Unsubsidized,2024.0,Spring,6834.0,Accepted,MSN
6213,Student6213,MSN,None,,,,None,MSN
6214,Student6214,MSN,None,,,,None,MSN
6215,Student6215,MSN,None,,,,None,MSN
6216,Student6216,MSN,Plus,2023.0,Fall,5939.0,Accepted,MSN
6216,Student6216,MSN,Plus,2023.0,Summer,5939.0,Accepted,MSN
6216,Student6216,MSN,Plus,2024.0,Spring,5939.0,Accepted,MSN
6216,Student6216,MSN,Unsubsidized,2023.0,Fall,6833.0,Accepted,MSN
6216,Student6216,MSN,Unsubsidized,2023.0,Summer,6833.0,Accepted,MSN
6216,Student6216,MSN,Unsubsidized,2024.0,Spring,6834.0,Accepted,MSN
6217,Student6217,MSN,Plus,2023.0,Fall,1333.0,Accepted,MSN
6217,Student6217,MSN,Plus,2023.0,Summer,1333.0,Accepted,MSN
6217,Student6217,MSN,Plus,2024.0,Spring,1334.0,Accepted,MSN
6217,Student6217,MSN,Unsubsidized,2023.0,Fall,6833.0,Accepted,MSN
6217,Student6217,MSN,Unsubsidized,2023.0,Summer,6833.0,Accepted,MSN
6217,Student6217,MSN,Unsubsidized,2024.0,Spring,6834.0,Accepted,MSN
6218,Student6218,MSN,None,,,,None,MSN
6219,Student6219,MSN,Unsubsidized,2024.0,Spring,5000.0,Accepted,MSN
6220,Student6220,MSN,None,,,,None,MSN
6221,Student6221,MSN,Plus,2024.0,Spring,3115.0,Accepted,MSN
6221,Student6221,MSN,Unsubsidized,2023.0,Fall,3167.0,Accepted,MSN
6221,Student6221,MSN,Unsubsidized,2023.0,Summer,3167.0,Accepted,MSN
6221,Student6221,MSN,Unsubsidized,2024.0,Spring,3166.0,Accepted,MSN
6222,Student6222,MSN,None,,,,None,MSN
6223,Student6223,MSN,None,,,,None,MSN
6224,Student6224,MSN,None,,,,None,MSN
6225,Student6225,MSN,Unsubsidized,2023.0,Fall,4500.0,Accepted,MSN
6225,Student6225,MSN,Unsubsidized,2023.0,Summer,4500.0,Accepted,MSN
6225,Student6225,MSN,Unsubsidized,2024.0,Spring,4500.0,Accepted,MSN
6226,Student6226,MSN,None,,,,None,MSN
6227,Student6227,MSN,None,,,,None,MSN
6228,Student6228,MSN,None,,,,None,MSN
6229,Student6229,MSN,Plus,2023.0,Fall,2789.0,Accepted,MSN
6229,Student6229,MSN,Plus,2024.0,Spring,2789.0,Accepted,MSN
6229,Student6229,MSN,Unsubsidized,2023.0,Fall,10250.0,Accepted,MSN
6229,Student6229,MSN,Unsubsidized,2024.0,Spring,10250.0,Accepted,MSN
6230,Student6230,MSN,Plus,2023.0,Fall,1666.0,Accepted,MSN
6230,Student6230,MSN,Plus,2023.0,Summer,1666.0,Accepted,MSN
6230,Student6230,MSN,Plus,2024.0,Spring,1668.0,Accepted,MSN
6230,Student6230,MSN,Unsubsidized,2023.0,Fall,0.0,Accepted,MSN
6230,Student6230,MSN,Unsubsidized,2023.0,Summer,0.0,Accepted,MSN
6230,Student6230,MSN,Unsubsidized,2024.0,Spring,0.0,Accepted,MSN
6230,Student6230,MSN,Unsubsidized,2023.0,Fall,6833.0,Accepted,MSN
6230,Student6230,MSN,Unsubsidized,2023.0,Summer,6833.0,Accepted,MSN
6230,Student6230,MSN,Unsubsidized,2024.0,Spring,6834.0,Accepted,MSN
6231,Student6231,MSN,None,,,,None,MSN
6232,Student6232,MSN,None,,,,None,MSN
6233,Student6233,MSN,None,,,,None,MSN
6234,Student6234,MSN,None,,,,None,MSN
6235,Student6235,MSN,Unsubsidized,2024.0,Spring,8000.0,Accepted,MSN
6236,Student6236,MSN,None,,,,None,MSN
6237,Student6237,MSN,Unsubsidized,2024.0,Spring,12549.0,Accepted,MSN
6238,Student6238,MSN,None,,,,None,MSN
6239,Student6239,MSN,Unsubsidized,2024.0,Spring,7200.0,Accepted,MSN
6240,Student6240,MSN,None,,,,None,MSN
6241,Student6241,MSN,None,,,,None,MSN
6242,Student6242,MSN,None,,,,None,MSN
6243,Student6243,MSN,None,,,,None,MSN
6244,Student6244,MSN,None,,,,None,MSN
6245,Student6245,MSN,None,,,,None,MSN
6246,Student6246,MSN,Unsubsidized,2023.0,Fall,6833.0,Accepted,MSN
6246,Student6246,MSN,Unsubsidized,2023.0,Summer,5705.0,Accepted,MSN
6246,Student6246,MSN,Unsubsidized,2024.0,Spring,6834.0,Accepted,MSN
6247,Student6247,MSN,None,,,,None,MSN
6248,Student6248,MSN,Unsubsidized,2023.0,Fall,6833.0,Accepted,MSN
6248,Student6248,MSN,Unsubsidized,2023.0,Summer,6833.0,Accepted,MSN
6248,Student6248,MSN,Unsubsidized,2024.0,Spring,6834.0,Accepted,MSN
6249,Student6249,MSN,None,,,,None,MSN
6250,Student6250,MSN,None,,,,None,MSN
6251,Student6251,MSN,None,,,,None,MSN
6252,Student6252,MSN,Plus,2023.0,Fall,4000.0,Accepted,MSN
6252,Student6252,MSN,Plus,2023.0,Summer,4000.0,Accepted,MSN
6252,Student6252,MSN,Plus,2024.0,Spring,4000.0,Accepted,MSN
6252,Student6252,MSN,Unsubsidized,2023.0,Fall,6833.0,Accepted,MSN
6252,Student6252,MSN,Unsubsidized,2023.0,Summer,6833.0,Accepted,MSN
6252,Student6252,MSN,Unsubsidized,2024.0,Spring,6834.0,Accepted,MSN
6253,Student6253,MSN,None,,,,None,MSN
6254,Student6254,MSN,Unsubsidized,2024.0,Spring,2693.0,Accepted,MSN
6255,Student6255,MSN,Plus,2023.0,Summer,5205.0,Accepted,MSN
6255,Student6255,MSN,Plus,2023.0,Fall,5206.0,Accepted,MSN
6255,Student6255,MSN,Plus,2024.0,Spring,5206.0,Accepted,MSN
6255,Student6255,MSN,Unsubsidized,2023.0,Fall,6833.0,Accepted,MSN
6255,Student6255,MSN,Unsubsidized,2023.0,Summer,6833.0,Accepted,MSN
6255,Student6255,MSN,Unsubsidized,2024.0,Spring,6834.0,Accepted,MSN
6256,Student6256,MSN,None,,,,None,MSN
6257,Student6257,MSN,None,,,,None,MSN
6258,Student6258,MSN,Plus,2023.0,Fall,5040.0,Accepted,MSN
6258,Student6258,MSN,Plus,2024.0,Spring,3440.0,Accepted,MSN
6258,Student6258,MSN,Unsubsidized,2023.0,Fall,10250.0,Accepted,MSN
6258,Student6258,MSN,Unsubsidized,2024.0,Spring,10250.0,Accepted,MSN
6259,Student6259,MSN,None,,,,None,MSN
6260,Student6260,MSN,Unsubsidized,2023.0,Fall,1333.0,Accepted,MSN
6260,Student6260,MSN,Unsubsidized,2024.0,Spring,6570.0,Accepted,MSN
6261,Student6261,MSN,Unsubsidized,2023.0,Fall,3667.0,Accepted,MSN
6261,Student6261,MSN,Unsubsidized,2023.0,Summer,3667.0,Accepted,MSN
6261,Student6261,MSN,Unsubsidized,2024.0,Spring,3666.0,Accepted,MSN
6261,Student6261,MSN,Unsubsidized,2023.0,Fall,3166.0,Accepted,MSN
6261,Student6261,MSN,Unsubsidized,2023.0,Summer,3166.0,Accepted,MSN
6261,Student6261,MSN,Unsubsidized,2024.0,Spring,3168.0,Accepted,MSN
6262,Student6262,MSN,None,,,,None,MSN
6263,Student6263,MSN,None,,,,None,MSN
6264,Student6264,MSN,None,,,,None,MSN
6265,Student6265,MSN,None,,,,None,MSN
6266,Student6266,MSN,None,,,,None,MSN
6267,Student6267,MSN,Plus,2023.0,Fall,2483.0,Accepted,MSN
6267,Student6267,MSN,Plus,2024.0,Spring,1871.0,Accepted,MSN
6267,Student6267,MSN,Unsubsidized,2023.0,Fall,10250.0,Accepted,MSN
6267,Student6267,MSN,Unsubsidized,2024.0,Spring,8500.0,Accepted,MSN
6267,Student6267,MSN,Unsubsidized,2024.0,Spring,1750.0,Accepted,MSN
6268,Student6268,MSN,None,,,,None,MSN
6269,Student6269,MSN,None,,,,None,MSN
6270,Student6270,MSN,None,,,,None,MSN
6271,Student6271,MSN,None,,,,None,MSN
6272,Student6272,MSN,None,,,,None,MSN
6273,Student6273,MSN,Unsubsidized,2023.0,Fall,0.0,Accepted,MSN
6273,Student6273,MSN,Unsubsidized,2023.0,Summer,0.0,Accepted,MSN
6273,Student6273,MSN,Unsubsidized,2023.0,Fall,12957.0,Accepted,MSN
6273,Student6273,MSN,Unsubsidized,2024.0,Spring,7543.0,Accepted,MSN
6274,Student6274,MSN,None,,,,None,MSN
6275,Student6275,MSN,Unsubsidized,2023.0,Fall,10250.0,Accepted,MSN
6275,Student6275,MSN,Unsubsidized,2024.0,Spring,10250.0,Accepted,MSN
6276,Student6276,MSN,None,,,,None,MSN
6277,Student6277,MSN,None,,,,None,MSN
6278,Student6278,MSN,Unsubsidized,2024.0,Spring,2090.0,Accepted,MSN
6279,Student6279,MSN,None,,,,None,MSN
6280,Student6280,MSN,Plus,2023.0,Fall,13000.0,Accepted,MSN
6280,Student6280,MSN,Plus,2024.0,Spring,11854.0,Accepted,MSN
6281,Student6281,MSN,Unsubsidized,2023.0,Fall,10250.0,Accepted,MSN
6281,Student6281,MSN,Unsubsidized,2024.0,Spring,10250.0,Accepted,MSN
6282,Student6282,MSN,Plus,2023.0,Fall,5525.0,Accepted,MSN
6282,Student6282,MSN,Plus,2023.0,Summer,5525.0,Accepted,MSN
6282,Student6282,MSN,Plus,2024.0,Spring,4507.0,Accepted,MSN
6282,Student6282,MSN,Unsubsidized,2023.0,Fall,6833.0,Accepted,MSN
6282,Student6282,MSN,Unsubsidized,2023.0,Summer,6833.0,Accepted,MSN
6282,Student6282,MSN,Unsubsidized,2024.0,Spring,6834.0,Accepted,MSN
6283,Student6283,MSN,Unsubsidized,2023.0,Fall,2500.0,Accepted,MSN
6283,Student6283,MSN,Unsubsidized,2024.0,Spring,2500.0,Accepted,MSN
6284,Student6284,MSN,Unsubsidized,2023.0,Fall,3000.0,Accepted,MSN
6284,Student6284,MSN,Unsubsidized,2023.0,Summer,3000.0,Accepted,MSN
6284,Student6284,MSN,Unsubsidized,2024.0,Spring,3000.0,Accepted,MSN
6285,Student6285,MSN,None,,,,None,MSN
6286,Student6286,MSN,None,,,,None,MSN
6287,Student6287,MSN,None,,,,None,MSN
6288,Student6288,MSN,None,,,,None,MSN
6289,Student6289,MSN,None,,,,None,MSN
6290,Student6290,MSN,None,,,,None,MSN
6291,Student6291,MSN,Unsubsidized,2024.0,Spring,3700.0,Accepted,MSN
6292,Student6292,MSN,None,,,,None,MSN
6293,Student6293,MSN,Unsubsidized,2023.0,Fall,6833.0,Accepted,MSN
6293,Student6293,MSN,Unsubsidized,2023.0,Summer,6833.0,Accepted,MSN
6293,Student6293,MSN,Unsubsidized,2024.0,Spring,6834.0,Accepted,MSN
6294,Student6294,MSN,Unsubsidized,2024.0,Spring,8500.0,Accepted,MSN
6295,Student6295,MSN,None,,,,None,MSN
6296,Student6296,MSN,None,,,,None,MSN
6297,Student6297,MSN,Unsubsidized,2023.0,Fall,1750.0,Accepted,MSN
6297,Student6297,MSN,Unsubsidized,2024.0,Spring,0.0,Accepted,MSN
6298,Student6298,MSN,Unsubsidized,2023.0,Fall,3500.0,Accepted,MSN
6298,Student6298,MSN,Unsubsidized,2024.0,Spring,2860.0,Accepted,MSN
6299,Student6299,MSN,None,,,,None,MSN
6300,Student6300,MSN,Unsubsidized,2023.0,Fall,9000.0,Accepted,MSN
6300,Student6300,MSN,Unsubsidized,2024.0,Spring,9000.0,Accepted,MSN
6301,Student6301,MSN,Unsubsidized,2023.0,Fall,5333.0,Accepted,MSN
6301,Student6301,MSN,Unsubsidized,2023.0,Summer,5333.0,Accepted,MSN
6301,Student6301,MSN,Unsubsidized,2024.0,Spring,5334.0,Accepted,MSN
6302,Student6302,MSN,Unsubsidized,2023.0,Fall,6833.0,Accepted,MSN
6302,Student6302,MSN,Unsubsidized,2023.0,Summer,6833.0,Accepted,MSN
6302,Student6302,MSN,Unsubsidized,2024.0,Spring,6834.0,Accepted,MSN
6303,Student6303,MSN,None,,,,None,MSN
6304,Student6304,MSN,None,,,,None,MSN
6305,Student6305,MSN,None,,,,None,MSN
6306,Student6306,MSN,None,,,,None,MSN
6307,Student6307,MSN,None,,,,None,MSN
6308,Student6308,P1,None,,,,None,PHARMD
6309,Student6309,P1,Plus,2023.0,Fall,1443.0,Accepted,PHARMD
6309,Student6309,P1,Plus,2024.0,Spring,3557.0,Accepted,PHARMD
6309,Student6309,P1,Unsubsidized,2023.0,Fall,16500.0,Accepted,PHARMD
6309,Student6309,P1,Unsubsidized,2024.0,Spring,16500.0,Accepted,PHARMD
6310,Student6310,P1,Unsubsidized,2023.0,Fall,15117.0,Accepted,PHARMD
6310,Student6310,P1,Unsubsidized,2024.0,Spring,15117.0,Accepted,PHARMD
6311,Student6311,P1,Plus,2023.0,Fall,7000.0,Accepted,PHARMD
6311,Student6311,P1,Plus,2024.0,Spring,3000.0,Accepted,PHARMD
6311,Student6311,P1,Plus,2024.0,Spring,4000.0,Accepted,PHARMD
6311,Student6311,P1,Unsubsidized,2023.0,Fall,16500.0,Accepted,PHARMD
6311,Student6311,P1,Unsubsidized,2024.0,Spring,16500.0,Accepted,PHARMD
6312,Student6312,P1,Unsubsidized,2023.0,Fall,9633.0,Accepted,PHARMD
6312,Student6312,P1,Unsubsidized,2024.0,Spring,15000.0,Accepted,PHARMD
6313,Student6313,P1,Plus,2023.0,Fall,5344.0,Accepted,PHARMD
6313,Student6313,P1,Plus,2024.0,Spring,5344.0,Accepted,PHARMD
6313,Student6313,P1,Unsubsidized,2023.0,Fall,16500.0,Accepted,PHARMD
6313,Student6313,P1,Unsubsidized,2024.0,Spring,16500.0,Accepted,PHARMD
6314,Student6314,P1,None,,,,None,PHARMD
6315,Student6315,P1,None,,,,None,PHARMD
6316,Student6316,P1,Unsubsidized,2023.0,Fall,10000.0,Accepted,PHARMD
6316,Student6316,P1,Unsubsidized,2024.0,Spring,10000.0,Accepted,PHARMD
6317,Student6317,P1,Unsubsidized,2023.0,Fall,3200.0,Accepted,PHARMD
6317,Student6317,P1,Unsubsidized,2024.0,Spring,3200.0,Accepted,PHARMD
6318,Student6318,P1,None,,,,None,PHARMD
6319,Student6319,P1,Plus,2023.0,Fall,20142.0,Accepted,PHARMD
6319,Student6319,P1,Plus,2024.0,Spring,0.0,Accepted,PHARMD
6319,Student6319,P1,Unsubsidized,2023.0,Fall,10250.0,Accepted,PHARMD
6319,Student6319,P1,Unsubsidized,2024.0,Spring,0.0,Accepted,PHARMD
6320,Student6320,P1,Unsubsidized,2023.0,Fall,16500.0,Accepted,PHARMD
6320,Student6320,P1,Unsubsidized,2024.0,Spring,16500.0,Accepted,PHARMD
6321,Student6321,P1,None,,,,None,PHARMD
6322,Student6322,P1,Plus,2023.0,Fall,6392.0,Accepted,PHARMD
6322,Student6322,P1,Plus,2024.0,Spring,6392.0,Accepted,PHARMD
6322,Student6322,P1,Unsubsidized,2023.0,Fall,16500.0,Accepted,PHARMD
6322,Student6322,P1,Unsubsidized,2024.0,Spring,16500.0,Accepted,PHARMD
6323,Student6323,P1,Unsubsidized,2024.0,Spring,13000.0,Accepted,PHARMD
6324,Student6324,P1,Unsubsidized,2024.0,Spring,11700.0,Accepted,PHARMD
6325,Student6325,P1,Plus,2023.0,Fall,3342.0,Accepted,PHARMD
6325,Student6325,P1,Plus,2024.0,Spring,3342.0,Accepted,PHARMD
6325,Student6325,P1,Unsubsidized,2023.0,Fall,16500.0,Accepted,PHARMD
6325,Student6325,P1,Unsubsidized,2024.0,Spring,16500.0,Accepted,PHARMD
6326,Student6326,P1,Plus,2023.0,Fall,0.0,Accepted,PHARMD
6326,Student6326,P1,Plus,2024.0,Spring,0.0,Accepted,PHARMD
6326,Student6326,P1,Unsubsidized,2023.0,Fall,16199.0,Accepted,PHARMD
6326,Student6326,P1,Unsubsidized,2024.0,Spring,16199.0,Accepted,PHARMD
6327,Student6327,P1,Plus,2023.0,Fall,4593.0,Accepted,PHARMD
6327,Student6327,P1,Plus,2024.0,Spring,4593.0,Accepted,PHARMD
6327,Student6327,P1,Unsubsidized,2023.0,Fall,16500.0,Accepted,PHARMD
6327,Student6327,P1,Unsubsidized,2024.0,Spring,16500.0,Accepted,PHARMD
6328,Student6328,P1,Plus,2023.0,Fall,14323.0,Accepted,PHARMD
6328,Student6328,P1,Plus,2024.0,Spring,13200.0,Accepted,PHARMD
6328,Student6328,P1,Unsubsidized,2023.0,Fall,9654.0,Accepted,PHARMD
6328,Student6328,P1,Unsubsidized,2024.0,Spring,9654.0,Accepted,PHARMD
6329,Student6329,P1,Unsubsidized,2023.0,Fall,16500.0,Accepted,PHARMD
6329,Student6329,P1,Unsubsidized,2024.0,Spring,16500.0,Accepted,PHARMD
6330,Student6330,P1,Plus,2023.0,Fall,12874.0,Accepted,PHARMD
6330,Student6330,P1,Plus,2024.0,Spring,12874.0,Accepted,PHARMD
6330,Student6330,P1,Unsubsidized,2023.0,Fall,16500.0,Accepted,PHARMD
6330,Student6330,P1,Unsubsidized,2024.0,Spring,16500.0,Accepted,PHARMD
6331,Student6331,P1,Unsubsidized,2023.0,Fall,16500.0,Accepted,PHARMD
6331,Student6331,P1,Unsubsidized,2024.0,Spring,16500.0,Accepted,PHARMD
6332,Student6332,P1,None,,,,None,PHARMD
6333,Student6333,P1,Unsubsidized,2023.0,Fall,6000.0,Accepted,PHARMD
6333,Student6333,P1,Unsubsidized,2024.0,Spring,6000.0,Accepted,PHARMD
6334,Student6334,P2,Plus,2023.0,Fall,8000.0,Accepted,PHARMD
6334,Student6334,P2,Plus,2024.0,Spring,8000.0,Accepted,PHARMD
6334,Student6334,P2,Unsubsidized,2023.0,Fall,16500.0,Accepted,PHARMD
6334,Student6334,P2,Unsubsidized,2024.0,Spring,16500.0,Accepted,PHARMD
6335,Student6335,P2,Plus,2023.0,Fall,7000.0,Accepted,PHARMD
6335,Student6335,P2,Plus,2024.0,Spring,9500.0,Accepted,PHARMD
6335,Student6335,P2,Unsubsidized,2023.0,Fall,16500.0,Accepted,PHARMD
6335,Student6335,P2,Unsubsidized,2024.0,Spring,16500.0,Accepted,PHARMD
6336,Student6336,P2,Unsubsidized,2023.0,Fall,16500.0,Accepted,PHARMD
6336,Student6336,P2,Unsubsidized,2024.0,Spring,16500.0,Accepted,PHARMD
6337,Student6337,P2,None,,,,None,PHARMD
6338,Student6338,P2,Plus,2023.0,Fall,12892.0,Accepted,PHARMD
6338,Student6338,P2,Plus,2024.0,Spring,12892.0,Accepted,PHARMD
6338,Student6338,P2,Unsubsidized,2023.0,Fall,16500.0,Accepted,PHARMD
6338,Student6338,P2,Unsubsidized,2024.0,Spring,16500.0,Accepted,PHARMD
6339,Student6339,P2,None,,,,None,PHARMD
6340,Student6340,P2,None,,,,None,PHARMD
6341,Student6341,P2,None,,,,None,PHARMD
6342,Student6342,P2,Unsubsidized,2023.0,Fall,12500.0,Accepted,PHARMD
6342,Student6342,P2,Unsubsidized,2024.0,Spring,12500.0,Accepted,PHARMD
6342,Student6342,P2,Unsubsidized,2023.0,Fall,4000.0,Accepted,PHARMD
6342,Student6342,P2,Unsubsidized,2024.0,Spring,4000.0,Accepted,PHARMD
6343,Student6343,P2,None,,,,None,PHARMD
6344,Student6344,P2,None,,,,None,PHARMD
6345,Student6345,P2,Plus,2023.0,Fall,13892.0,Accepted,PHARMD
6345,Student6345,P2,Plus,2024.0,Spring,13892.0,Accepted,PHARMD
6345,Student6345,P2,Unsubsidized,2023.0,Fall,16500.0,Accepted,PHARMD
6345,Student6345,P2,Unsubsidized,2024.0,Spring,16500.0,Accepted,PHARMD
6346,Student6346,P2,None,,,,None,PHARMD
6347,Student6347,P2,Unsubsidized,2023.0,Fall,15000.0,Accepted,PHARMD
6347,Student6347,P2,Unsubsidized,2024.0,Spring,15000.0,Accepted,PHARMD
6348,Student6348,P2,Plus,2023.0,Fall,10392.0,Accepted,PHARMD
6348,Student6348,P2,Plus,2024.0,Spring,10392.0,Accepted,PHARMD
6348,Student6348,P2,Unsubsidized,2023.0,Fall,16500.0,Accepted,PHARMD
6348,Student6348,P2,Unsubsidized,2024.0,Spring,16500.0,Accepted,PHARMD
6349,Student6349,P2,Plus,2023.0,Fall,10000.0,Accepted,PHARMD
6349,Student6349,P2,Plus,2024.0,Spring,10000.0,Accepted,PHARMD
6349,Student6349,P2,Unsubsidized,2023.0,Fall,16500.0,Accepted,PHARMD
6349,Student6349,P2,Unsubsidized,2024.0,Spring,16500.0,Accepted,PHARMD
6350,Student6350,P2,Plus,2023.0,Fall,4350.0,Accepted,PHARMD
6350,Student6350,P2,Plus,2024.0,Spring,250.0,Accepted,PHARMD
6350,Student6350,P2,Unsubsidized,2023.0,Fall,16500.0,Accepted,PHARMD
6350,Student6350,P2,Unsubsidized,2024.0,Spring,16500.0,Accepted,PHARMD
6351,Student6351,P2,Unsubsidized,2023.0,Fall,16500.0,Accepted,PHARMD
6351,Student6351,P2,Unsubsidized,2024.0,Spring,16500.0,Accepted,PHARMD
6352,Student6352,P2,None,,,,None,PHARMD
6353,Student6353,P2,Plus,2023.0,Fall,12500.0,Accepted,PHARMD
6353,Student6353,P2,Plus,2024.0,Spring,14901.0,Accepted,PHARMD
6353,Student6353,P2,Unsubsidized,2023.0,Fall,16500.0,Accepted,PHARMD
6353,Student6353,P2,Unsubsidized,2024.0,Spring,16500.0,Accepted,PHARMD
6354,Student6354,P2,Plus,2023.0,Fall,13892.0,Accepted,PHARMD
6354,Student6354,P2,Plus,2024.0,Spring,13892.0,Accepted,PHARMD
6354,Student6354,P2,Unsubsidized,2023.0,Fall,16500.0,Accepted,PHARMD
6354,Student6354,P2,Unsubsidized,2024.0,Spring,16500.0,Accepted,PHARMD
6355,Student6355,P2,None,,,,None,PHARMD
6356,Student6356,P2,Unsubsidized,2023.0,Fall,16500.0,Accepted,PHARMD
6356,Student6356,P2,Unsubsidized,2024.0,Spring,16500.0,Accepted,PHARMD
6357,Student6357,P2,Unsubsidized,2023.0,Fall,16500.0,Accepted,PHARMD
6357,Student6357,P2,Unsubsidized,2024.0,Spring,16500.0,Accepted,PHARMD
6358,Student6358,P2,Unsubsidized,2023.0,Fall,16500.0,Accepted,PHARMD
6358,Student6358,P2,Unsubsidized,2024.0,Spring,16500.0,Accepted,PHARMD
6359,Student6359,P2,Unsubsidized,2023.0,Fall,16500.0,Accepted,PHARMD
6359,Student6359,P2,Unsubsidized,2024.0,Spring,16500.0,Accepted,PHARMD
6360,Student6360,P2,None,,,,None,PHARMD
6361,Student6361,P2,Plus,2023.0,Fall,13892.0,Accepted,PHARMD
6361,Student6361,P2,Plus,2024.0,Spring,13892.0,Accepted,PHARMD
6361,Student6361,P2,Unsubsidized,2023.0,Fall,16500.0,Accepted,PHARMD
6361,Student6361,P2,Unsubsidized,2024.0,Spring,16500.0,Accepted,PHARMD
6362,Student6362,P2,Unsubsidized,2023.0,Fall,13750.0,Accepted,PHARMD
6362,Student6362,P2,Unsubsidized,2024.0,Spring,13750.0,Accepted,PHARMD
6363,Student6363,P2,Plus,2023.0,Fall,13892.0,Accepted,PHARMD
6363,Student6363,P2,Plus,2024.0,Spring,13892.0,Accepted,PHARMD
6363,Student6363,P2,Unsubsidized,2023.0,Fall,16500.0,Accepted,PHARMD
6363,Student6363,P2,Unsubsidized,2024.0,Spring,16500.0,Accepted,PHARMD
6364,Student6364,P3,Plus,2023.0,Fall,16294.0,Accepted,PHARMD
6364,Student6364,P3,Plus,2024.0,Spring,16295.0,Accepted,PHARMD
6364,Student6364,P3,Unsubsidized,2023.0,Fall,16500.0,Accepted,PHARMD
6364,Student6364,P3,Unsubsidized,2024.0,Spring,16500.0,Accepted,PHARMD
6365,Student6365,P3,None,,,,None,PHARMD
6366,Student6366,P3,None,,,,None,PHARMD
6367,Student6367,P3,Plus,2023.0,Fall,6000.0,Accepted,PHARMD
6367,Student6367,P3,Plus,2024.0,Spring,6000.0,Accepted,PHARMD
6367,Student6367,P3,Unsubsidized,2023.0,Fall,16500.0,Accepted,PHARMD
6367,Student6367,P3,Unsubsidized,2024.0,Spring,16500.0,Accepted,PHARMD
6368,Student6368,P3,Plus,2023.0,Fall,6250.0,Accepted,PHARMD
6368,Student6368,P3,Plus,2024.0,Spring,6250.0,Accepted,PHARMD
6368,Student6368,P3,Unsubsidized,2023.0,Fall,16500.0,Accepted,PHARMD
6368,Student6368,P3,Unsubsidized,2024.0,Spring,16500.0,Accepted,PHARMD
6369,Student6369,P3,Unsubsidized,2023.0,Fall,16500.0,Accepted,PHARMD
6369,Student6369,P3,Unsubsidized,2024.0,Spring,16500.0,Accepted,PHARMD
6370,Student6370,P3,None,,,,None,PHARMD
6371,Student6371,P3,Plus,2023.0,Fall,4914.0,Accepted,PHARMD
6371,Student6371,P3,Plus,2024.0,Spring,13892.0,Accepted,PHARMD
6371,Student6371,P3,Unsubsidized,2023.0,Fall,16500.0,Accepted,PHARMD
6371,Student6371,P3,Unsubsidized,2024.0,Spring,16500.0,Accepted,PHARMD
6372,Student6372,P3,Plus,2023.0,Fall,1500.0,Accepted,PHARMD
6372,Student6372,P3,Plus,2024.0,Spring,9500.0,Accepted,PHARMD
6372,Student6372,P3,Unsubsidized,2023.0,Fall,16500.0,Accepted,PHARMD
6372,Student6372,P3,Unsubsidized,2024.0,Spring,16500.0,Accepted,PHARMD
6373,Student6373,P3,Plus,2023.0,Fall,13892.0,Accepted,PHARMD
6373,Student6373,P3,Plus,2024.0,Spring,13892.0,Accepted,PHARMD
6373,Student6373,P3,Unsubsidized,2023.0,Fall,16500.0,Accepted,PHARMD
6373,Student6373,P3,Unsubsidized,2024.0,Spring,16500.0,Accepted,PHARMD
6374,Student6374,P3,Plus,2023.0,Fall,8892.0,Accepted,PHARMD
6374,Student6374,P3,Plus,2024.0,Spring,8892.0,Accepted,PHARMD
6374,Student6374,P3,Unsubsidized,2023.0,Fall,16500.0,Accepted,PHARMD
6374,Student6374,P3,Unsubsidized,2024.0,Spring,16500.0,Accepted,PHARMD
6375,Student6375,P3,None,,,,None,PHARMD
6376,Student6376,P3,None,,,,None,PHARMD
6377,Student6377,P3,Plus,2023.0,Fall,13892.0,Accepted,PHARMD
6377,Student6377,P3,Plus,2024.0,Spring,12214.0,Accepted,PHARMD
6377,Student6377,P3,Unsubsidized,2023.0,Fall,16500.0,Accepted,PHARMD
6377,Student6377,P3,Unsubsidized,2024.0,Spring,16500.0,Accepted,PHARMD
6378,Student6378,P3,Plus,2023.0,Fall,17572.0,Accepted,PHARMD
6378,Student6378,P3,Plus,2024.0,Spring,19095.0,Accepted,PHARMD
6378,Student6378,P3,Unsubsidized,2023.0,Fall,16500.0,Accepted,PHARMD
6378,Student6378,P3,Unsubsidized,2024.0,Spring,16500.0,Accepted,PHARMD
6379,Student6379,P3,Unsubsidized,2023.0,Fall,5000.0,Accepted,PHARMD
6379,Student6379,P3,Unsubsidized,2024.0,Spring,10000.0,Accepted,PHARMD
6380,Student6380,P3,Plus,2023.0,Fall,4900.0,Accepted,PHARMD
6380,Student6380,P3,Plus,2024.0,Spring,4900.0,Accepted,PHARMD
6380,Student6380,P3,Unsubsidized,2023.0,Fall,16500.0,Accepted,PHARMD
6380,Student6380,P3,Unsubsidized,2024.0,Spring,16500.0,Accepted,PHARMD
6381,Student6381,P3,Unsubsidized,2023.0,Fall,16500.0,Accepted,PHARMD
6381,Student6381,P3,Unsubsidized,2024.0,Spring,16500.0,Accepted,PHARMD
6382,Student6382,P3,Plus,2023.0,Fall,13892.0,Accepted,PHARMD
6382,Student6382,P3,Plus,2024.0,Spring,13892.0,Accepted,PHARMD
6382,Student6382,P3,Unsubsidized,2023.0,Fall,16500.0,Accepted,PHARMD
6382,Student6382,P3,Unsubsidized,2024.0,Spring,16500.0,Accepted,PHARMD
6383,Student6383,P3,Unsubsidized,2023.0,Fall,16500.0,Accepted,PHARMD
6383,Student6383,P3,Unsubsidized,2024.0,Spring,16500.0,Accepted,PHARMD
6384,Student6384,P3,Unsubsidized,2023.0,Fall,16500.0,Accepted,PHARMD
6384,Student6384,P3,Unsubsidized,2024.0,Spring,16500.0,Accepted,PHARMD
6385,Student6385,P3,Plus,2023.0,Fall,13892.0,Accepted,PHARMD
6385,Student6385,P3,Plus,2024.0,Spring,13892.0,Accepted,PHARMD
6385,Student6385,P3,Unsubsidized,2023.0,Fall,16500.0,Accepted,PHARMD
6385,Student6385,P3,Unsubsidized,2024.0,Spring,16500.0,Accepted,PHARMD
6386,Student6386,P3,Unsubsidized,2023.0,Fall,16500.0,Accepted,PHARMD
6386,Student6386,P3,Unsubsidized,2024.0,Spring,16500.0,Accepted,PHARMD
6387,Student6387,P3,Plus,2023.0,Fall,14380.0,Accepted,PHARMD
6387,Student6387,P3,Plus,2024.0,Spring,14380.0,Accepted,PHARMD
6387,Student6387,P3,Unsubsidized,2023.0,Fall,16500.0,Accepted,PHARMD
6387,Student6387,P3,Unsubsidized,2024.0,Spring,16500.0,Accepted,PHARMD
6388,Student6388,P3,Plus,2023.0,Fall,4450.0,Accepted,PHARMD
6388,Student6388,P3,Plus,2024.0,Spring,2500.0,Accepted,PHARMD
6388,Student6388,P3,Unsubsidized,2023.0,Fall,16500.0,Accepted,PHARMD
6388,Student6388,P3,Unsubsidized,2024.0,Spring,16500.0,Accepted,PHARMD
6389,Student6389,P3,None,,,,None,PHARMD
6390,Student6390,P3,Plus,2023.0,Fall,13892.0,Accepted,PHARMD
6390,Student6390,P3,Plus,2024.0,Spring,13892.0,Accepted,PHARMD
6390,Student6390,P3,Unsubsidized,2023.0,Fall,16500.0,Accepted,PHARMD
6390,Student6390,P3,Unsubsidized,2024.0,Spring,16500.0,Accepted,PHARMD
6391,Student6391,P3,Plus,2023.0,Fall,7500.0,Accepted,PHARMD
6391,Student6391,P3,Plus,2024.0,Spring,7500.0,Accepted,PHARMD
6391,Student6391,P3,Unsubsidized,2023.0,Fall,16500.0,Accepted,PHARMD
6391,Student6391,P3,Unsubsidized,2024.0,Spring,16500.0,Accepted,PHARMD
6392,Student6392,P3,Plus,2023.0,Fall,20695.0,Accepted,PHARMD
6392,Student6392,P3,Plus,2023.0,Summer,525.0,Accepted,PHARMD
6392,Student6392,P3,Plus,2024.0,Spring,20695.0,Accepted,PHARMD
6392,Student6392,P3,Unsubsidized,2023.0,Fall,0.0,Declined,PHARMD
6392,Student6392,P3,Unsubsidized,2024.0,Spring,0.0,Declined,PHARMD
6392,Student6392,P3,Unsubsidized,2023.0,Fall,13398.0,Accepted,PHARMD
6392,Student6392,P3,Unsubsidized,2023.0,Summer,6204.0,Accepted,PHARMD
6392,Student6392,P3,Unsubsidized,2024.0,Spring,13398.0,Accepted,PHARMD
6393,Student6393,P3,None,,,,None,PHARMD
6394,Student6394,P3,Plus,2023.0,Fall,7000.0,Accepted,PHARMD
6394,Student6394,P3,Plus,2024.0,Spring,7000.0,Accepted,PHARMD
6394,Student6394,P3,Unsubsidized,2023.0,Fall,16500.0,Accepted,PHARMD
6394,Student6394,P3,Unsubsidized,2024.0,Spring,16500.0,Accepted,PHARMD
6395,Student6395,P3,Unsubsidized,2023.0,Fall,16500.0,Accepted,PHARMD
6395,Student6395,P3,Unsubsidized,2024.0,Spring,16500.0,Accepted,PHARMD
6396,Student6396,P3,Plus,2023.0,Fall,11350.0,Accepted,PHARMD
6396,Student6396,P3,Plus,2024.0,Spring,11350.0,Accepted,PHARMD
6396,Student6396,P3,Unsubsidized,2023.0,Fall,16500.0,Accepted,PHARMD
6396,Student6396,P3,Unsubsidized,2024.0,Spring,16500.0,Accepted,PHARMD
6397,Student6397,P3,Plus,2023.0,Fall,13892.0,Accepted,PHARMD
6397,Student6397,P3,Plus,2024.0,Spring,13892.0,Accepted,PHARMD
6397,Student6397,P3,Unsubsidized,2023.0,Fall,16500.0,Accepted,PHARMD
6397,Student6397,P3,Unsubsidized,2024.0,Spring,16500.0,Accepted,PHARMD
6398,Student6398,P3,None,,,,None,PHARMD
6399,Student6399,P3,Unsubsidized,2023.0,Fall,16500.0,Accepted,PHARMD
6399,Student6399,P3,Unsubsidized,2024.0,Spring,16500.0,Accepted,PHARMD
6400,Student6400,P3,Plus,2023.0,Fall,3734.0,Accepted,PHARMD
6400,Student6400,P3,Plus,2024.0,Spring,3734.0,Accepted,PHARMD
6400,Student6400,P3,Unsubsidized,2023.0,Fall,16500.0,Accepted,PHARMD
6400,Student6400,P3,Unsubsidized,2024.0,Spring,16500.0,Accepted,PHARMD
6401,Student6401,P4,None,,,,None,PHARMD
6402,Student6402,P4,None,,,,None,PHARMD
6403,Student6403,P4,Plus,2023.0,Fall,25122.0,Accepted,PHARMD
6403,Student6403,P4,Plus,2023.0,Summer,25122.0,Accepted,PHARMD
6403,Student6403,P4,Plus,2024.0,Spring,24134.0,Accepted,PHARMD
6404,Student6404,P4,Plus,2023.0,Fall,0.0,Accepted,PHARMD
6404,Student6404,P4,Plus,2023.0,Summer,0.0,Accepted,PHARMD
6404,Student6404,P4,Plus,2024.0,Spring,0.0,Accepted,PHARMD
6404,Student6404,P4,Plus,2023.0,Fall,10284.0,Accepted,PHARMD
6404,Student6404,P4,Plus,2023.0,Summer,10284.0,Accepted,PHARMD
6404,Student6404,P4,Plus,2024.0,Spring,10284.0,Accepted,PHARMD
6404,Student6404,P4,Unsubsidized,2023.0,Fall,12389.0,Accepted,PHARMD
6404,Student6404,P4,Unsubsidized,2023.0,Summer,12389.0,Accepted,PHARMD
6404,Student6404,P4,Unsubsidized,2024.0,Spring,12389.0,Accepted,PHARMD
6405,Student6405,P4,None,,,,None,PHARMD
6406,Student6406,P4,None,,,,None,PHARMD
6407,Student6407,P4,Unsubsidized,2023.0,Fall,12389.0,Accepted,PHARMD
6407,Student6407,P4,Unsubsidized,2023.0,Summer,12389.0,Accepted,PHARMD
6407,Student6407,P4,Unsubsidized,2024.0,Spring,12389.0,Accepted,PHARMD
6408,Student6408,P4,Plus,2023.0,Fall,4132.0,Accepted,PHARMD
6408,Student6408,P4,Plus,2023.0,Summer,4132.0,Accepted,PHARMD
6408,Student6408,P4,Plus,2024.0,Spring,4132.0,Accepted,PHARMD
6408,Student6408,P4,Unsubsidized,2023.0,Fall,12389.0,Accepted,PHARMD
6408,Student6408,P4,Unsubsidized,2023.0,Summer,12389.0,Accepted,PHARMD
6408,Student6408,P4,Unsubsidized,2024.0,Spring,12389.0,Accepted,PHARMD
6409,Student6409,P4,Plus,2023.0,Fall,4000.0,Accepted,PHARMD
6409,Student6409,P4,Plus,2023.0,Summer,4000.0,Accepted,PHARMD
6409,Student6409,P4,Plus,2024.0,Spring,4000.0,Accepted,PHARMD
6409,Student6409,P4,Unsubsidized,2023.0,Fall,12389.0,Accepted,PHARMD
6409,Student6409,P4,Unsubsidized,2023.0,Summer,12389.0,Accepted,PHARMD
6409,Student6409,P4,Unsubsidized,2024.0,Spring,12389.0,Accepted,PHARMD
6410,Student6410,P4,None,,,,None,PHARMD
6411,Student6411,P4,Unsubsidized,2023.0,Fall,11639.0,Accepted,PHARMD
6411,Student6411,P4,Unsubsidized,2023.0,Summer,11639.0,Accepted,PHARMD
6411,Student6411,P4,Unsubsidized,2024.0,Spring,11639.0,Accepted,PHARMD
6412,Student6412,P4,Plus,2023.0,Fall,14981.0,Accepted,PHARMD
6412,Student6412,P4,Plus,2023.0,Summer,21733.0,Accepted,PHARMD
6412,Student6412,P4,Plus,2024.0,Spring,1485.0,Accepted,PHARMD
6412,Student6412,P4,Unsubsidized,2023.0,Fall,14889.0,Accepted,PHARMD
6412,Student6412,P4,Unsubsidized,2023.0,Summer,12389.0,Accepted,PHARMD
6412,Student6412,P4,Unsubsidized,2024.0,Spring,9889.0,Accepted,PHARMD
6413,Student6413,P4,None,,,,None,PHARMD
6414,Student6414,P4,Plus,2023.0,Fall,11066.0,Accepted,PHARMD
6414,Student6414,P4,Plus,2023.0,Summer,11399.0,Accepted,PHARMD
6414,Student6414,P4,Plus,2024.0,Spring,10938.0,Accepted,PHARMD
6414,Student6414,P4,Unsubsidized,2023.0,Fall,12389.0,Accepted,PHARMD
6414,Student6414,P4,Unsubsidized,2023.0,Summer,12389.0,Accepted,PHARMD
6414,Student6414,P4,Unsubsidized,2024.0,Spring,12389.0,Accepted,PHARMD
6415,Student6415,P4,Plus,2023.0,Fall,12733.0,Accepted,PHARMD
6415,Student6415,P4,Plus,2023.0,Summer,10221.0,Accepted,PHARMD
6415,Student6415,P4,Plus,2024.0,Spring,12733.0,Accepted,PHARMD
6415,Student6415,P4,Unsubsidized,2023.0,Fall,12389.0,Accepted,PHARMD
6415,Student6415,P4,Unsubsidized,2023.0,Summer,12389.0,Accepted,PHARMD
6415,Student6415,P4,Unsubsidized,2024.0,Spring,12389.0,Accepted,PHARMD
6416,Student6416,P4,Plus,2023.0,Fall,12733.0,Accepted,PHARMD
6416,Student6416,P4,Plus,2023.0,Summer,12733.0,Accepted,PHARMD
6416,Student6416,P4,Plus,2024.0,Spring,16233.0,Accepted,PHARMD
6416,Student6416,P4,Unsubsidized,2023.0,Fall,12389.0,Accepted,PHARMD
6416,Student6416,P4,Unsubsidized,2023.0,Summer,12389.0,Accepted,PHARMD
6416,Student6416,P4,Unsubsidized,2024.0,Spring,12389.0,Accepted,PHARMD
6417,Student6417,P4,Plus,2023.0,Fall,0.0,Accepted,PHARMD
6417,Student6417,P4,Plus,2023.0,Summer,0.0,Accepted,PHARMD
6417,Student6417,P4,Plus,2024.0,Spring,0.0,Accepted,PHARMD
6417,Student6417,P4,Plus,2023.0,Fall,12733.0,Accepted,PHARMD
6417,Student6417,P4,Plus,2023.0,Summer,12733.0,Accepted,PHARMD
6417,Student6417,P4,Plus,2024.0,Spring,12472.0,Accepted,PHARMD
6417,Student6417,P4,Unsubsidized,2023.0,Fall,12389.0,Accepted,PHARMD
6417,Student6417,P4,Unsubsidized,2023.0,Summer,12389.0,Accepted,PHARMD
6417,Student6417,P4,Unsubsidized,2024.0,Spring,12389.0,Accepted,PHARMD
6418,Student6418,P4,Plus,2023.0,Fall,11899.0,Accepted,PHARMD
6418,Student6418,P4,Plus,2023.0,Summer,11899.0,Accepted,PHARMD
6418,Student6418,P4,Plus,2024.0,Spring,11901.0,Accepted,PHARMD
6418,Student6418,P4,Unsubsidized,2023.0,Fall,12389.0,Accepted,PHARMD
6418,Student6418,P4,Unsubsidized,2023.0,Summer,12389.0,Accepted,PHARMD
6418,Student6418,P4,Unsubsidized,2024.0,Spring,12389.0,Accepted,PHARMD
6419,Student6419,P4,None,,,,None,PHARMD
6420,Student6420,P4,None,,,,None,PHARMD
6421,Student6421,P4,Unsubsidized,2023.0,Fall,12389.0,Accepted,PHARMD
6421,Student6421,P4,Unsubsidized,2023.0,Summer,12389.0,Accepted,PHARMD
6421,Student6421,P4,Unsubsidized,2024.0,Spring,12389.0,Accepted,PHARMD
6422,Student6422,P4,Plus,2023.0,Summer,12000.0,Accepted,PHARMD
6422,Student6422,P4,Plus,2023.0,Fall,13100.0,Accepted,PHARMD
6422,Student6422,P4,Plus,2024.0,Spring,13099.0,Accepted,PHARMD
6422,Student6422,P4,Unsubsidized,2023.0,Fall,12389.0,Accepted,PHARMD
6422,Student6422,P4,Unsubsidized,2023.0,Summer,12389.0,Accepted,PHARMD
6422,Student6422,P4,Unsubsidized,2024.0,Spring,12389.0,Accepted,PHARMD
6423,Student6423,P4,Plus,2023.0,Fall,13333.0,Accepted,PHARMD
6423,Student6423,P4,Plus,2023.0,Summer,9333.0,Accepted,PHARMD
6423,Student6423,P4,Plus,2024.0,Spring,14334.0,Accepted,PHARMD
6423,Student6423,P4,Unsubsidized,2023.0,Fall,16518.0,Accepted,PHARMD
6423,Student6423,P4,Unsubsidized,2023.0,Summer,12389.0,Accepted,PHARMD
6423,Student6423,P4,Unsubsidized,2024.0,Spring,8260.0,Accepted,PHARMD
6424,Student6424,P4,Plus,2023.0,Fall,4000.0,Accepted,PHARMD
6424,Student6424,P4,Plus,2023.0,Summer,4500.0,Accepted,PHARMD
6424,Student6424,P4,Plus,2024.0,Spring,4000.0,Accepted,PHARMD
6424,Student6424,P4,Unsubsidized,2023.0,Fall,12389.0,Accepted,PHARMD
6424,Student6424,P4,Unsubsidized,2023.0,Summer,12389.0,Accepted,PHARMD
6424,Student6424,P4,Unsubsidized,2024.0,Spring,12389.0,Accepted,PHARMD
6425,Student6425,P4,None,,,,None,PHARMD
6426,Student6426,P4,None,,,,None,PHARMD
6427,Student6427,P4,Plus,2023.0,Fall,12911.0,Accepted,PHARMD
6427,Student6427,P4,Plus,2023.0,Summer,17535.0,Accepted,PHARMD
6427,Student6427,P4,Plus,2024.0,Spring,8287.0,Accepted,PHARMD
6427,Student6427,P4,Unsubsidized,2023.0,Fall,12389.0,Accepted,PHARMD
6427,Student6427,P4,Unsubsidized,2023.0,Summer,12389.0,Accepted,PHARMD
6427,Student6427,P4,Unsubsidized,2024.0,Spring,12389.0,Accepted,PHARMD
6428,Student6428,P4,Plus,2023.0,Fall,12733.0,Accepted,PHARMD
6428,Student6428,P4,Plus,2023.0,Summer,12733.0,Accepted,PHARMD
6428,Student6428,P4,Plus,2024.0,Spring,12733.0,Accepted,PHARMD
6428,Student6428,P4,Unsubsidized,2023.0,Fall,12389.0,Accepted,PHARMD
6428,Student6428,P4,Unsubsidized,2023.0,Summer,12389.0,Accepted,PHARMD
6428,Student6428,P4,Unsubsidized,2024.0,Spring,12389.0,Accepted,PHARMD
6429,Student6429,P4,Plus,2023.0,Fall,4667.0,Accepted,PHARMD
6429,Student6429,P4,Plus,2023.0,Summer,4667.0,Accepted,PHARMD
6429,Student6429,P4,Plus,2024.0,Spring,7166.0,Accepted,PHARMD
6429,Student6429,P4,Unsubsidized,2023.0,Fall,12389.0,Accepted,PHARMD
6429,Student6429,P4,Unsubsidized,2023.0,Summer,12389.0,Accepted,PHARMD
6429,Student6429,P4,Unsubsidized,2024.0,Spring,12389.0,Accepted,PHARMD
6430,Student6430,P4,Unsubsidized,2023.0,Summer,28000.0,Accepted,PHARMD
6430,Student6430,P4,Unsubsidized,2023.0,Fall,9167.0,Accepted,PHARMD
6431,Student6431,P4,Plus,2023.0,Fall,7253.0,Accepted,PHARMD
6431,Student6431,P4,Plus,2023.0,Summer,7253.0,Accepted,PHARMD
6431,Student6431,P4,Plus,2024.0,Spring,7253.0,Accepted,PHARMD
6431,Student6431,P4,Unsubsidized,2023.0,Fall,12389.0,Accepted,PHARMD
6431,Student6431,P4,Unsubsidized,2023.0,Summer,12389.0,Accepted,PHARMD
6431,Student6431,P4,Unsubsidized,2024.0,Spring,12389.0,Accepted,PHARMD
6432,Student6432,P4,Plus,2023.0,Fall,4000.0,Accepted,PHARMD
6432,Student6432,P4,Plus,2023.0,Summer,4000.0,Accepted,PHARMD
6432,Student6432,P4,Plus,2024.0,Spring,4000.0,Accepted,PHARMD
6432,Student6432,P4,Unsubsidized,2023.0,Fall,12389.0,Accepted,PHARMD
6432,Student6432,P4,Unsubsidized,2023.0,Summer,12389.0,Accepted,PHARMD
6432,Student6432,P4,Unsubsidized,2024.0,Spring,12389.0,Accepted,PHARMD
6433,Student6433,P4,Unsubsidized,2023.0,Fall,12389.0,Accepted,PHARMD
6433,Student6433,P4,Unsubsidized,2023.0,Summer,12389.0,Accepted,PHARMD
6433,Student6433,P4,Unsubsidized,2024.0,Spring,12389.0,Accepted,PHARMD
6434,Student6434,P4,Unsubsidized,2023.0,Fall,8000.0,Accepted,PHARMD
6434,Student6434,P4,Unsubsidized,2023.0,Summer,10833.0,Accepted,PHARMD
6434,Student6434,P4,Unsubsidized,2024.0,Spring,8000.0,Accepted,PHARMD
6435,Student6435,P4,Plus,2023.0,Fall,1000.0,Accepted,PHARMD
6435,Student6435,P4,Plus,2023.0,Summer,12733.0,Accepted,PHARMD
6435,Student6435,P4,Plus,2024.0,Spring,3000.0,Accepted,PHARMD
6435,Student6435,P4,Unsubsidized,2023.0,Fall,12389.0,Accepted,PHARMD
6435,Student6435,P4,Unsubsidized,2023.0,Summer,12389.0,Accepted,PHARMD
6435,Student6435,P4,Unsubsidized,2024.0,Spring,12389.0,Accepted,PHARMD
6436,Student6436,P4,Plus,2023.0,Fall,4333.0,Accepted,PHARMD
6436,Student6436,P4,Plus,2023.0,Summer,12273.0,Accepted,PHARMD
6436,Student6436,P4,Plus,2024.0,Spring,4334.0,Accepted,PHARMD
6436,Student6436,P4,Unsubsidized,2023.0,Fall,12389.0,Accepted,PHARMD
6436,Student6436,P4,Unsubsidized,2023.0,Summer,12389.0,Accepted,PHARMD
6436,Student6436,P4,Unsubsidized,2024.0,Spring,12389.0,Accepted,PHARMD
6437,Student6437,P4,None,,,,None,PHARMD
6438,Student6438,P4,Plus,2023.0,Fall,10284.0,Accepted,PHARMD
6438,Student6438,P4,Plus,2023.0,Summer,10284.0,Accepted,PHARMD
6438,Student6438,P4,Plus,2024.0,Spring,6791.0,Accepted,PHARMD
6438,Student6438,P4,Unsubsidized,2023.0,Fall,12389.0,Accepted,PHARMD
6438,Student6438,P4,Unsubsidized,2023.0,Summer,12389.0,Accepted,PHARMD
6438,Student6438,P4,Unsubsidized,2024.0,Spring,12389.0,Accepted,PHARMD
6439,Student6439,P4,Plus,2023.0,Fall,0.0,Accepted,PHARMD
6439,Student6439,P4,Plus,2023.0,Summer,0.0,Accepted,PHARMD
6439,Student6439,P4,Plus,2024.0,Spring,0.0,Accepted,PHARMD
6439,Student6439,P4,Plus,2023.0,Fall,2000.0,Accepted,PHARMD
6439,Student6439,P4,Plus,2023.0,Summer,2000.0,Accepted,PHARMD
6439,Student6439,P4,Plus,2024.0,Spring,2000.0,Accepted,PHARMD
6439,Student6439,P4,Unsubsidized,2023.0,Fall,12389.0,Accepted,PHARMD
6439,Student6439,P4,Unsubsidized,2023.0,Summer,12389.0,Accepted,PHARMD
6439,Student6439,P4,Unsubsidized,2024.0,Spring,12389.0,Accepted,PHARMD
6440,Student6440,P4,Unsubsidized,2023.0,Fall,0.0,Accepted,PHARMD
6440,Student6440,P4,Unsubsidized,2023.0,Summer,12389.0,Accepted,PHARMD
6440,Student6440,P4,Unsubsidized,2024.0,Spring,12389.0,Accepted,PHARMD
6441,Student6441,P4,Plus,2023.0,Fall,11799.0,Accepted,PHARMD
6441,Student6441,P4,Plus,2023.0,Summer,11799.0,Accepted,PHARMD
6441,Student6441,P4,Plus,2024.0,Spring,11801.0,Accepted,PHARMD
6441,Student6441,P4,Unsubsidized,2023.0,Fall,12389.0,Accepted,PHARMD
6441,Student6441,P4,Unsubsidized,2023.0,Summer,12389.0,Accepted,PHARMD
6441,Student6441,P4,Unsubsidized,2024.0,Spring,12389.0,Accepted,PHARMD
